﻿{"cameraMode":{"drawMode":0,"name":"Shaded","section":"Shading Mode"},"sceneLighting":false,"audioPlay":false,"sceneViewState":{"m_AlwaysRefresh":true,"showFog":true,"showSkybox":false,"showFlares":true,"showImageEffects":true,"showParticleSystems":true,"showVisualEffectGraphs":true,"m_FxEnabled":true},"in2DMode":false,"pivot":{"x":50.11689758300781,"y":-4.8838605880737309,"z":-0.10904788970947266},"rotation":{"x":-0.0014999978011474014,"y":-0.0014999978011474014,"z":-0.0000022499987153423719,"w":0.9999977350234985},"size":3.5377395153045656,"orthographic":true}