﻿{"cameraMode":{"drawMode":0,"name":"Shaded","section":"Shading Mode"},"sceneLighting":false,"audioPlay":false,"sceneViewState":{"m_AlwaysRefresh":true,"showFog":true,"showSkybox":false,"showFlares":true,"showImageEffects":true,"showParticleSystems":true,"showVisualEffectGraphs":true,"m_FxEnabled":true},"in2DMode":false,"pivot":{"x":50.841468811035159,"y":-4.804775714874268,"z":-0.3182220458984375},"rotation":{"x":0.032915547490119937,"y":-0.06890760362148285,"z":0.0022747821640223266,"w":0.9970765709877014},"size":11.082079887390137,"orthographic":true}