﻿{"cameraMode":{"drawMode":0,"name":"Shaded","section":"Shading Mode"},"sceneLighting":false,"audioPlay":false,"sceneViewState":{"m_AlwaysRefresh":true,"showFog":true,"showSkybox":false,"showFlares":true,"showImageEffects":true,"showParticleSystems":true,"showVisualEffectGraphs":true,"m_FxEnabled":true},"in2DMode":false,"pivot":{"x":49.14128494262695,"y":-4.264403343200684,"z":-0.8494491577148438},"rotation":{"x":-0.0014999978011474014,"y":-0.0014999978011474014,"z":-0.0000022499987153423719,"w":0.9999977350234985},"size":8.069048881530762,"orthographic":true}